{
  "posts": [
    {
      "title": "Ipsum has been the industry's",
      "img_url": "https://images.pexels.com/photos/3777622/pexels-photo-3777622.jpeg?auto=compress&cs=tinysrgb&dpr=1&w=500",
      "body": "Lorem Ipsum is simply dummy text of the printing and typesetting industry. Lorem Ipsum has been the industry's standard dummy text ever since the 1500s, when an unknown printer took a galley of type and scrambled it to make a type specimen book. It has survived not only five centuries, but also the leap into electronic typesetting, remaining essentially unchanged. It was popularised in the 1960s with the release of Letraset sheets containing Lorem Ipsum passages, and more recently with desktop publishing software like Aldus PageMaker including versions of Lorem Ipsum.",
      "id": 1
    },
    {
      "title": "Ipsum has been the industry's",
      "img_url": "https://images.pexels.com/photos/3617457/pexels-photo-3617457.jpeg?auto=compress&cs=tinysrgb&dpr=1&w=500",
      "body": "Lorem Ipsum is simply dummy text of the printing and typesetting industry. Lorem Ipsum has been the industry's standard dummy text ever since the 1500s, when an unknown printer took a galley of type and scrambled it to make a type specimen book. It has survived not only five centuries, but also the leap into electronic typesetting, remaining essentially unchanged. It was popularised in the 1960s with the release of Letraset sheets containing Lorem Ipsum passages, and more recently with desktop publishing software like Aldus PageMaker including versions of Lorem Ipsum.",
      "id": 2
    },
    {
      "title": "Ipsum has been the industry's",
      "img_url": "https://images.pexels.com/photos/3647069/pexels-photo-3647069.jpeg?auto=compress&cs=tinysrgb&dpr=1&w=500",
      "body": "Lorem Ipsum is simply dummy text of the printing and typesetting industry. Lorem Ipsum has been the industry's standard dummy text ever since the 1500s, when an unknown printer took a galley of type and scrambled it to make a type specimen book. It has survived not only five centuries, but also the leap into electronic typesetting, remaining essentially unchanged. It was popularised in the 1960s with the release of Letraset sheets containing Lorem Ipsum passages, and more recently with desktop publishing software like Aldus PageMaker including versions of Lorem Ipsum.",
      "id": 3
    },
    {
      "title": "Ipsum has been the industry's",
      "img_url": "https://images.pexels.com/photos/3732652/pexels-photo-3732652.jpeg?auto=compress&cs=tinysrgb&dpr=1&w=500",
      "body": "Lorem Ipsum is simply dummy text of the printing and typesetting industry. Lorem Ipsum has been the industry's standard dummy text ever since the 1500s, when an unknown printer took a galley of type and scrambled it to make a type specimen book. It has survived not only five centuries, but also the leap into electronic typesetting, remaining essentially unchanged. It was popularised in the 1960s with the release of Letraset sheets containing Lorem Ipsum passages, and more recently with desktop publishing software like Aldus PageMaker including versions of Lorem Ipsum.",
      "id": 4
    },
    {
      "title": "my loremhas been the industry's",
      "img_url": "https://images.pexels.com/photos/1553962/pexels-photo-1553962.jpeg?auto=compress&cs=tinysrgb&dpr=2&h=750&w=1260",
      "body": "Lorem Ipsum is simply dummy text of the printing and typesetting industry. Lorem Ipsum has been the industry's standard dummy text ever since the 1500s, when an unknown printer took a galley of type and scrambled it to make a type specimen book. It has survived not only five centuries, but also the leap into electronic typesetting, remaining essentially unchanged. It was popularised in the 1960s with the release of Letraset sheets containing Lorem Ipsum passages, and more recently with desktop publishing software like Aldus PageMaker including versions of Lorem Ipsum.",
      "id": 5
    },
    {
      "title": "",
      "img_url": "",
      "body": "Lorem Ipsum is simply dummy text of the printing and typesetting industry.<br> Lorem Ipsum has been the industry's standard dummy text ever since the 1500s,<br> when an unknown printer took a galley<br> of type and scrambled<br> it to make a type specimen book. It has survived<br> not only five centuries, but also the leap into electronic<br> typesetting, remaining essentially unchanged.<br> It was popularised in the 1960s with the release of Letraset sheets <br>containing Lorem Ipsum passages, and more <br>recently with desktop publishing <br>software like Aldus PageMaker<br> including versions of Lorem Ipsum.",
      "id": 6
    }
  ],
  "myProjects": [
    {
      "projectsImg": "https://i.ibb.co/V2jcgnL/1e-commercewith-vue-nuxt-vuex-vuetify-axios.jpg",
      "projectsName": "E-commerce Vue,VueX,Nuxt",
      "type": "front-end"
    },
    {
      "projectsImg": "https://i.ibb.co/WVG5T5G/2spacex-Api.jpg",
      "projectsName": "Spacex Api",
      "type": "front-end"
    },
    {
      "projectsImg": "https://i.ibb.co/fQRyCM5/3moviecinema.jpg",
      "projectsName": "Movie Cinema",
      "type": "front-end"
    },
    {
      "projectsImg": "https://i.ibb.co/6N9ZY6P/4egypt-cities.jpg",
      "projectsName": "Egypt Cities",
      "type": "front-end"
    },
    {
      "projectsImg": "https://353a23c500dde3b2ad58-c49fe7e7355d384845270f4a7a0a7aa1.ssl.cf2.rackcdn.com/5d2ddfad505d3200089aa7b0/screenshot.png",
      "projectsName": "E-commerce Vue Firebase",
      "type": "front-end",
      "pageLink": "https://vue-shop-ecommerce.netlify.com/"
    },
    {
      "projectsImg": "https://i.ibb.co/KhspwCL/1profile.jpg",
      "projectsName": "Profile",
      "type": "ui-ux",
      "pageLink": "https://zealous-agnesi-eb2158.netlify.com/"
    },
    {
      "projectsImg": "https://i.ibb.co/C6rBcdV/2-Responsive.jpg",
      "projectsName": "Responsive",
      "type": "ui-ux",
      "pageLink": "https://tender-davinci-623bfa.netlify.com/"
    },
    {
      "projectsImg": "https://i.ibb.co/B4FTqMB/3-Starnight.jpg",
      "projectsName": "Starnight",
      "type": "ui-ux",
      "pageLink": "https://infallible-kepler-a7f865.netlify.com/"
    },
    {
      "projectsImg": "https://i.ibb.co/689tM5f/5Eclipse.jpg",
      "projectsName": "Eclipse",
      "type": "ui-ux",
      "pageLink": "https://loving-booth-9d97b4.netlify.com/"
    },
    {
      "projectsImg": "https://i.ibb.co/jLZY7jj/6Colingz.jpg",
      "projectsName": "Colingz",
      "type": "ui-ux",
      "pageLink": "https://objective-engelbart-9b61d2.netlify.com/"
    },
    {
      "projectsImg": "https://i.ibb.co/5BW2Ch6/7Acosta.jpg",
      "projectsName": "Acosta",
      "type": "ui-ux",
      "pageLink": "https://condescending-meninsky-520f73.netlify.com/"
    },
    {
      "projectsImg": "https://i.ibb.co/Z1yJTv6/8dron.jpg",
      "projectsName": "Dron",
      "type": "ui-ux",
      "pageLink": "https://affectionate-brahmagupta-60d712.netlify.com/"
    },
    {
      "projectsImg": "https://i.ibb.co/qDXkmrK/9counsel.jpg",
      "projectsName": "Counsel",
      "type": "ui-ux",
      "pageLink": "https://flamboyant-torvalds-dbc0b1.netlify.com/"
    },
    {
      "projectsImg": "https://i.ibb.co/3FPW7ww/43kod.jpg",
      "projectsName": "3kod",
      "type": "ui-ux",
      "pageLink": "https://dreamy-hodgkin-eb61d3.netlify.com/"
    },
    {
      "projectsImg": "https://i.ibb.co/d08pGh2/1.jpg",
      "projectsName": "Full-CRUD-ajax",
      "type": "practicing"
    },
    {
      "projectsImg": "https://mir-s3-cdn-cf.behance.net/project_modules/fs/4afc7d93402653.5e63bf4a80ced.png",
      "projectsName": "Fight Game",
      "type": "practicing",
      "pageLink": "https://dazzling-meninsky-930fda.netlify.com/"
    }
  ]
}